customer_id,tenure_months,monthly_charges,contract_type,internet_service,support_tickets_last90d,promotions_opt_in,churn
1,52,104.13,month-to-month,fiber,2,1,1
2,15,101.32,one-year,fiber,2,0,1
3,61,53.69,month-to-month,fiber,3,0,0
4,21,83.49,month-to-month,dsl,2,0,0
5,24,32.55,one-year,fiber,3,1,0
6,3,42.25,one-year,fiber,2,0,0
7,22,108.6,month-to-month,dsl,1,0,1
8,53,11.43,month-to-month,fiber,4,0,0
9,2,19.41,one-year,dsl,4,0,0
10,30,32.87,month-to-month,dsl,2,1,1
11,38,12.92,month-to-month,fiber,3,1,0
12,2,29.96,one-year,dsl,2,0,0
13,64,74.13,month-to-month,fiber,1,1,1
14,60,56.36,one-year,fiber,2,1,1
15,21,108.19,month-to-month,dsl,1,1,1
16,33,99.92,two-year,none,2,0,0
17,58,47.6,month-to-month,dsl,1,1,0
18,22,38.54,month-to-month,dsl,0,0,0
19,49,51.77,month-to-month,dsl,2,0,1
20,59,74.93,month-to-month,dsl,1,0,0
21,42,39.49,two-year,dsl,2,1,0
22,60,78.66,two-year,fiber,3,0,0
23,15,55.04,month-to-month,none,0,0,0
24,62,70.73,month-to-month,dsl,0,0,0
25,62,57.97,one-year,fiber,2,1,0
26,47,42.39,two-year,fiber,1,1,0
27,62,114.33,month-to-month,fiber,2,0,0
28,51,94.0,month-to-month,fiber,3,1,1
29,55,25.41,month-to-month,dsl,2,1,1
30,64,105.53,one-year,dsl,3,1,0
31,3,63.62,month-to-month,fiber,3,0,1
32,51,108.4,one-year,fiber,3,1,1
33,7,97.98,month-to-month,dsl,1,0,1
34,21,56.77,one-year,dsl,1,1,1
35,39,12.47,month-to-month,none,1,0,0
36,18,39.55,month-to-month,fiber,0,0,0
37,4,69.58,month-to-month,none,2,0,1
38,60,79.68,one-year,fiber,2,1,1
39,14,38.37,month-to-month,dsl,3,0,0
40,9,25.33,month-to-month,fiber,0,1,1
41,53,101.84,month-to-month,fiber,1,0,0
42,2,118.28,month-to-month,dsl,2,1,1
43,60,67.83,one-year,fiber,0,1,0
44,71,28.88,one-year,fiber,2,1,0
45,44,39.95,one-year,dsl,2,1,0
46,8,12.02,month-to-month,fiber,2,1,0
47,47,110.57,one-year,fiber,1,0,0
48,35,22.95,month-to-month,none,4,1,1
49,36,73.42,month-to-month,dsl,0,0,1
50,50,40.15,month-to-month,dsl,3,1,0
51,4,70.96,month-to-month,fiber,0,1,0
52,2,81.66,one-year,dsl,1,0,0
53,6,101.27,one-year,fiber,6,0,1
54,54,32.71,one-year,fiber,2,1,1
55,4,11.21,month-to-month,dsl,1,1,1
56,54,25.06,month-to-month,fiber,2,1,0
57,63,109.0,month-to-month,fiber,5,1,1
58,18,106.13,month-to-month,dsl,1,1,1
59,44,75.72,month-to-month,none,3,1,0
60,34,76.06,month-to-month,fiber,3,0,1
61,62,83.15,month-to-month,fiber,0,0,1
62,14,29.29,month-to-month,fiber,4,1,1
63,48,110.59,one-year,fiber,3,1,1
64,15,56.06,two-year,none,1,1,1
65,62,52.15,two-year,fiber,2,1,0
66,40,67.08,one-year,fiber,1,0,1
67,53,15.17,month-to-month,fiber,1,1,0
68,24,28.29,one-year,dsl,0,0,0
69,26,91.18,one-year,fiber,0,0,0
70,60,19.11,month-to-month,dsl,2,1,0
71,41,76.35,month-to-month,dsl,2,0,0
72,29,36.99,one-year,dsl,2,1,1
73,15,52.82,month-to-month,none,0,1,0
74,45,41.76,month-to-month,fiber,0,1,0
75,65,49.12,month-to-month,fiber,1,0,1
76,71,89.1,month-to-month,fiber,2,0,1
77,9,42.68,month-to-month,fiber,1,0,1
78,1,72.3,month-to-month,none,2,1,0
79,8,62.37,month-to-month,fiber,3,1,1
80,63,83.0,month-to-month,dsl,0,1,0
81,11,113.05,one-year,dsl,0,0,1
82,8,90.58,month-to-month,fiber,3,1,1
83,35,33.64,month-to-month,fiber,0,0,0
84,35,13.43,month-to-month,dsl,2,0,1
85,33,38.85,two-year,dsl,6,1,0
86,5,75.46,month-to-month,fiber,0,1,0
87,41,15.66,month-to-month,dsl,1,0,1
88,28,64.6,two-year,fiber,3,0,0
89,7,75.65,one-year,none,2,1,1
90,12,46.77,month-to-month,fiber,2,0,0
91,34,94.8,one-year,dsl,0,0,1
92,33,21.73,month-to-month,fiber,3,1,0
93,48,18.27,month-to-month,fiber,3,1,1
94,23,90.1,month-to-month,fiber,0,1,1
95,62,64.5,month-to-month,none,2,1,0
96,37,85.72,one-year,dsl,0,1,1
97,44,57.83,month-to-month,fiber,4,0,0
98,35,37.1,month-to-month,fiber,0,1,1
99,65,100.1,one-year,fiber,2,1,0
100,47,97.94,one-year,dsl,1,0,1
101,3,86.42,month-to-month,fiber,0,1,0
102,1,39.94,one-year,fiber,1,0,1
103,5,74.93,month-to-month,dsl,2,0,1
104,14,49.71,one-year,dsl,5,0,1
105,27,20.07,one-year,fiber,1,1,0
106,9,110.9,two-year,dsl,2,1,1
107,15,25.05,month-to-month,dsl,0,1,0
108,42,114.53,month-to-month,dsl,1,1,0
109,51,59.06,month-to-month,fiber,5,0,1
110,63,30.36,month-to-month,fiber,2,0,0
111,52,69.61,month-to-month,fiber,0,0,1
112,4,106.02,two-year,dsl,1,0,1
113,23,90.54,month-to-month,fiber,2,0,0
114,15,98.72,month-to-month,fiber,0,1,0
115,43,82.47,one-year,fiber,1,1,0
116,29,86.15,month-to-month,none,2,1,1
117,36,103.41,one-year,dsl,0,0,1
118,13,37.46,month-to-month,fiber,0,1,1
119,32,63.84,month-to-month,dsl,0,0,0
120,71,34.33,month-to-month,fiber,2,0,0
121,59,118.64,month-to-month,dsl,2,1,0
122,28,113.85,two-year,dsl,2,1,1
123,66,14.34,month-to-month,dsl,3,0,1
124,42,87.61,month-to-month,fiber,2,1,1
125,45,111.78,month-to-month,dsl,2,0,1
126,62,29.86,month-to-month,fiber,2,1,1
127,57,72.47,two-year,fiber,1,1,0
128,6,110.7,month-to-month,dsl,1,1,0
129,28,13.73,one-year,fiber,3,0,0
130,28,86.72,two-year,dsl,2,0,1
131,44,42.71,month-to-month,fiber,2,1,1
132,30,111.68,two-year,fiber,0,1,0
133,62,116.82,month-to-month,dsl,3,0,1
134,62,113.87,month-to-month,dsl,2,1,0
135,1,62.16,month-to-month,dsl,3,1,1
136,27,104.82,one-year,none,1,1,1
137,62,102.9,two-year,fiber,2,1,0
138,3,45.1,month-to-month,fiber,3,1,1
139,70,101.18,one-year,fiber,4,1,1
140,27,14.07,month-to-month,dsl,3,1,0
141,9,75.59,month-to-month,fiber,1,0,1
142,62,35.3,month-to-month,fiber,1,0,0
143,37,23.26,two-year,dsl,1,0,0
144,51,18.46,one-year,dsl,0,1,0
145,44,86.59,month-to-month,dsl,4,0,1
146,24,47.39,month-to-month,fiber,2,1,0
147,59,89.72,month-to-month,none,3,0,1
148,32,17.19,month-to-month,dsl,0,0,1
149,52,44.68,month-to-month,fiber,0,1,1
150,62,69.34,two-year,dsl,2,0,1
151,58,96.98,month-to-month,none,4,0,1
152,52,45.06,month-to-month,dsl,4,0,0
153,12,78.85,month-to-month,fiber,1,1,1
154,39,107.46,two-year,fiber,2,1,1
155,2,77.74,one-year,fiber,1,1,1
156,3,35.63,month-to-month,fiber,2,1,0
157,56,12.68,one-year,dsl,5,1,0
158,59,105.71,month-to-month,dsl,1,0,1
159,2,12.34,month-to-month,dsl,2,0,1
160,2,106.22,month-to-month,dsl,2,1,1
161,54,68.18,month-to-month,fiber,0,0,1
162,1,113.3,month-to-month,dsl,3,0,1
163,19,97.87,two-year,dsl,1,1,1
164,2,119.77,one-year,fiber,3,1,1
165,53,48.58,one-year,none,5,0,0
166,44,94.39,month-to-month,fiber,3,0,1
167,32,54.21,month-to-month,dsl,1,1,0
168,70,62.79,one-year,dsl,1,1,0
169,32,79.03,month-to-month,none,0,1,0
170,68,106.1,month-to-month,dsl,3,1,1
171,55,118.25,month-to-month,dsl,1,1,1
172,56,94.51,one-year,fiber,1,1,1
173,17,55.95,month-to-month,fiber,1,1,0
174,38,56.35,month-to-month,fiber,1,0,1
175,24,91.13,one-year,dsl,2,1,0
176,69,36.27,month-to-month,dsl,2,0,0
177,70,22.15,month-to-month,none,1,0,0
178,11,49.01,month-to-month,dsl,0,1,0
179,16,41.6,month-to-month,fiber,3,1,1
180,59,42.59,one-year,fiber,1,1,1
181,70,35.7,month-to-month,fiber,0,0,0
182,3,14.63,month-to-month,dsl,0,1,1
183,20,11.97,two-year,dsl,1,1,0
184,59,118.65,two-year,fiber,1,1,1
185,36,57.06,two-year,fiber,3,0,1
186,19,52.28,month-to-month,none,1,0,0
187,67,84.76,month-to-month,dsl,0,1,0
188,19,34.01,two-year,dsl,1,0,0
189,20,114.5,one-year,none,4,1,0
190,71,96.5,month-to-month,fiber,2,1,1
191,52,19.84,month-to-month,fiber,0,0,0
192,33,55.93,month-to-month,dsl,3,0,1
193,40,106.7,two-year,fiber,1,0,1
194,39,113.92,month-to-month,fiber,1,1,0
195,1,61.41,month-to-month,fiber,0,0,0
196,11,77.48,month-to-month,fiber,3,1,0
197,57,28.37,one-year,dsl,1,1,0
198,50,119.03,one-year,fiber,0,1,1
199,23,35.48,month-to-month,dsl,1,0,1
200,31,113.7,one-year,fiber,3,0,1
201,42,81.46,two-year,none,0,1,0
202,7,76.85,month-to-month,dsl,1,1,0
203,16,66.4,month-to-month,fiber,3,1,1
204,60,35.37,month-to-month,dsl,2,0,0
205,2,29.42,one-year,fiber,2,0,0
206,1,34.25,month-to-month,none,3,1,1
207,48,30.51,one-year,dsl,4,0,1
208,12,95.75,one-year,dsl,1,1,1
209,69,48.51,month-to-month,fiber,2,1,1
210,37,16.36,two-year,dsl,2,0,1
211,32,116.6,month-to-month,fiber,2,1,1
212,9,107.22,month-to-month,none,0,1,1
213,19,112.05,one-year,fiber,4,0,1
214,48,119.44,one-year,dsl,2,1,1
215,3,29.13,month-to-month,fiber,1,0,0
216,20,53.59,two-year,fiber,2,0,1
217,24,93.41,two-year,dsl,2,0,1
218,54,86.56,month-to-month,fiber,1,1,1
219,33,26.93,two-year,fiber,0,1,1
220,24,99.74,month-to-month,fiber,2,1,0
221,36,34.69,month-to-month,dsl,2,0,1
222,38,34.62,month-to-month,fiber,4,1,0
223,25,69.07,two-year,dsl,1,0,0
224,18,75.22,one-year,dsl,2,1,0
225,66,73.81,month-to-month,fiber,0,1,0
226,54,20.06,month-to-month,fiber,1,0,0
227,35,106.52,one-year,dsl,1,0,1
228,61,39.22,month-to-month,dsl,2,1,0
229,41,24.25,two-year,dsl,1,0,1
230,33,107.76,one-year,dsl,2,1,1
231,68,115.12,month-to-month,dsl,2,0,1
232,33,104.83,two-year,dsl,0,0,0
233,14,99.05,month-to-month,fiber,5,1,0
234,21,82.08,two-year,fiber,3,1,1
235,48,70.59,one-year,fiber,1,1,0
236,20,19.57,one-year,fiber,1,0,1
237,8,54.93,month-to-month,dsl,2,0,1
238,7,51.0,two-year,none,1,0,1
239,67,38.57,month-to-month,fiber,0,1,0
240,17,89.58,month-to-month,fiber,1,1,1
241,33,64.55,month-to-month,fiber,1,1,1
242,48,18.92,month-to-month,none,2,1,0
243,59,34.22,month-to-month,fiber,4,0,1
244,22,85.16,one-year,dsl,0,1,0
245,30,18.37,two-year,fiber,3,1,0
246,38,103.63,month-to-month,fiber,4,1,1
247,51,64.47,one-year,fiber,1,0,0
248,54,62.86,month-to-month,fiber,2,0,1
249,8,75.16,two-year,dsl,1,1,0
250,27,100.71,one-year,dsl,3,0,1
251,27,48.26,month-to-month,none,3,0,1
252,21,84.58,one-year,fiber,2,0,1
253,30,72.23,month-to-month,fiber,4,1,0
254,28,39.37,month-to-month,dsl,2,0,1
255,64,106.65,one-year,dsl,3,0,0
256,69,97.72,month-to-month,fiber,1,0,1
257,61,82.43,month-to-month,fiber,3,1,0
258,48,103.56,month-to-month,fiber,1,1,1
259,19,105.4,one-year,fiber,1,1,1
260,4,87.92,month-to-month,fiber,5,1,0
261,35,102.07,month-to-month,dsl,2,1,1
262,64,86.72,one-year,fiber,0,0,0
263,49,84.82,one-year,fiber,1,0,1
264,17,78.05,month-to-month,fiber,1,0,1
265,44,92.8,month-to-month,fiber,4,0,1
266,30,27.45,month-to-month,none,1,0,0
267,46,106.9,month-to-month,dsl,3,1,1
268,6,105.9,month-to-month,fiber,2,1,1
269,37,13.22,one-year,dsl,0,1,0
270,24,100.84,one-year,fiber,3,1,0
271,46,24.18,one-year,dsl,3,0,0
272,53,46.86,month-to-month,dsl,4,0,1
273,60,91.79,one-year,fiber,3,1,1
274,63,27.68,month-to-month,dsl,1,1,0
275,32,99.98,two-year,fiber,0,0,1
276,33,101.53,one-year,none,3,1,0
277,67,65.82,month-to-month,dsl,1,1,0
278,18,10.7,one-year,fiber,1,1,0
279,25,41.57,month-to-month,fiber,3,1,1
280,54,77.86,one-year,fiber,3,0,0
281,58,117.93,month-to-month,dsl,3,0,0
282,67,79.5,month-to-month,dsl,2,1,0
283,46,38.58,two-year,dsl,2,0,0
284,24,79.74,month-to-month,dsl,3,1,1
285,32,69.4,one-year,dsl,2,1,1
286,47,95.78,month-to-month,fiber,2,0,1
287,23,21.77,one-year,fiber,0,1,0
288,66,93.71,one-year,fiber,3,1,1
289,27,69.54,month-to-month,fiber,2,0,1
290,2,115.93,month-to-month,dsl,3,1,1
291,17,47.61,month-to-month,dsl,2,1,0
292,33,79.59,month-to-month,dsl,2,1,0
293,9,112.52,month-to-month,dsl,2,0,1
294,43,21.28,one-year,fiber,3,1,0
295,48,113.1,two-year,fiber,2,1,1
296,39,85.67,two-year,dsl,3,0,0
297,42,17.46,one-year,dsl,2,0,0
298,26,43.11,one-year,fiber,1,1,0
299,50,87.9,one-year,fiber,1,0,1
300,25,17.41,month-to-month,dsl,3,1,0
301,24,74.04,two-year,none,0,1,1
302,13,48.05,one-year,none,0,1,0
303,60,78.3,month-to-month,dsl,3,0,1
304,7,15.03,month-to-month,dsl,2,1,0
305,57,105.87,month-to-month,fiber,2,0,1
306,36,117.08,month-to-month,none,0,1,0
307,45,116.58,two-year,fiber,2,1,0
308,20,92.46,month-to-month,dsl,1,1,1
309,65,24.31,month-to-month,dsl,2,1,1
310,8,93.41,two-year,fiber,2,1,0
311,16,12.7,month-to-month,fiber,2,0,1
312,14,12.43,month-to-month,dsl,5,1,1
313,15,45.6,month-to-month,fiber,1,1,0
314,66,63.75,one-year,fiber,2,0,0
315,32,94.74,two-year,fiber,2,0,1
316,63,85.16,month-to-month,fiber,1,1,1
317,51,59.05,two-year,fiber,3,0,1
318,25,40.1,month-to-month,fiber,1,1,1
319,58,119.68,two-year,fiber,1,1,0
320,63,56.88,one-year,dsl,1,0,0
321,62,59.65,one-year,fiber,1,1,0
322,22,28.0,month-to-month,dsl,3,0,1
323,58,97.43,two-year,fiber,1,1,0
324,58,86.31,one-year,dsl,1,1,0
325,49,34.28,month-to-month,dsl,1,1,1
326,52,19.06,one-year,dsl,1,1,0
327,42,84.85,month-to-month,dsl,1,1,0
328,70,82.0,two-year,fiber,1,1,0
329,15,40.06,month-to-month,fiber,0,0,0
330,54,114.59,one-year,fiber,2,0,1
331,60,26.62,month-to-month,dsl,1,1,1
332,8,57.56,month-to-month,dsl,3,1,0
333,53,113.8,month-to-month,dsl,1,1,1
334,60,56.17,month-to-month,dsl,6,1,1
335,5,80.24,month-to-month,fiber,1,0,0
336,68,53.74,month-to-month,dsl,1,1,0
337,6,40.16,month-to-month,dsl,1,1,0
338,47,118.24,month-to-month,dsl,1,0,0
339,55,55.03,month-to-month,dsl,1,0,0
340,40,108.35,one-year,fiber,3,1,0
341,52,35.3,month-to-month,fiber,1,0,1
342,16,33.44,two-year,dsl,1,0,1
343,13,13.42,two-year,dsl,0,0,0
344,30,81.68,one-year,dsl,3,1,1
345,19,50.54,month-to-month,dsl,0,1,1
346,17,105.08,two-year,dsl,1,1,1
347,63,62.05,month-to-month,none,1,1,0
348,19,116.5,month-to-month,fiber,1,0,0
349,58,30.41,month-to-month,fiber,3,1,1
350,55,105.55,one-year,fiber,1,0,0
351,62,95.43,month-to-month,fiber,0,0,0
352,23,94.8,month-to-month,fiber,5,1,1
353,9,102.93,two-year,fiber,1,1,0
354,12,93.71,two-year,fiber,2,0,1
355,1,78.88,month-to-month,dsl,3,0,1
356,58,24.44,month-to-month,fiber,1,1,0
357,1,13.58,one-year,fiber,2,0,1
358,34,111.29,month-to-month,fiber,3,0,1
359,48,77.83,month-to-month,fiber,2,0,1
360,1,97.62,month-to-month,fiber,0,0,0
361,16,62.97,two-year,dsl,3,1,1
362,61,22.9,one-year,fiber,2,0,0
363,64,23.77,one-year,dsl,1,0,1
364,63,85.41,two-year,dsl,1,1,0
365,69,57.33,month-to-month,dsl,0,1,0
366,22,32.06,month-to-month,fiber,1,0,0
367,67,64.08,month-to-month,dsl,1,0,0
368,26,17.06,month-to-month,dsl,1,0,0
369,16,74.02,month-to-month,fiber,2,1,0
370,51,39.59,one-year,dsl,2,1,0
371,57,97.73,one-year,fiber,3,1,0
372,29,44.14,two-year,fiber,1,1,0
373,69,60.07,month-to-month,dsl,2,1,1
374,47,11.28,one-year,fiber,4,1,1
375,62,17.97,one-year,dsl,1,1,0
376,69,53.17,month-to-month,fiber,1,0,0
377,16,62.79,one-year,fiber,2,1,1
378,48,76.0,month-to-month,fiber,1,0,1
379,39,42.08,month-to-month,fiber,3,0,0
380,33,86.45,month-to-month,dsl,4,1,1
381,23,104.61,month-to-month,dsl,2,0,1
382,10,95.78,month-to-month,fiber,6,1,1
383,69,14.36,one-year,fiber,0,1,1
384,34,62.86,two-year,fiber,2,1,0
385,52,21.54,one-year,fiber,3,1,1
386,10,36.62,one-year,fiber,2,0,1
387,19,118.53,month-to-month,fiber,2,1,0
388,58,25.67,one-year,dsl,2,1,0
389,1,64.88,month-to-month,fiber,4,1,0
390,69,78.0,month-to-month,fiber,2,1,0
391,4,87.27,month-to-month,dsl,0,0,1
392,16,71.56,month-to-month,fiber,1,1,1
393,24,11.07,month-to-month,fiber,0,0,0
394,2,45.91,month-to-month,fiber,2,1,1
395,32,66.95,month-to-month,dsl,2,0,1
396,24,19.67,two-year,dsl,5,1,0
397,12,48.57,month-to-month,fiber,2,0,1
398,50,13.65,month-to-month,none,1,0,0
399,35,18.64,month-to-month,dsl,2,1,1
400,33,53.66,one-year,dsl,2,1,1
401,33,24.6,month-to-month,fiber,2,1,1
402,61,72.43,month-to-month,dsl,2,1,0
403,51,85.84,month-to-month,fiber,1,1,0
404,43,98.06,month-to-month,none,3,1,0
405,12,32.02,month-to-month,dsl,1,0,1
406,67,28.42,month-to-month,fiber,2,1,1
407,65,21.5,month-to-month,dsl,5,0,1
408,33,80.01,month-to-month,dsl,1,1,1
409,40,87.71,month-to-month,fiber,1,1,1
410,43,13.47,one-year,fiber,1,1,0
411,44,112.98,month-to-month,none,2,1,1
412,29,15.72,month-to-month,fiber,4,1,0
413,13,69.54,month-to-month,dsl,2,1,1
414,12,88.0,two-year,dsl,3,0,0
415,46,105.81,month-to-month,dsl,2,1,1
416,2,88.55,month-to-month,dsl,1,0,1
417,35,98.19,one-year,dsl,1,1,1
418,8,47.34,month-to-month,dsl,2,0,1
419,26,99.63,month-to-month,fiber,1,0,1
420,34,18.81,month-to-month,fiber,3,0,1
421,7,108.43,two-year,fiber,2,1,1
422,68,70.24,month-to-month,fiber,1,1,0
423,58,99.9,one-year,dsl,1,0,0
424,29,59.76,two-year,dsl,3,1,0
425,36,80.79,month-to-month,fiber,3,0,1
426,21,67.9,month-to-month,fiber,2,1,0
427,36,90.47,month-to-month,dsl,0,1,0
428,10,18.98,month-to-month,fiber,2,1,1
429,24,16.64,month-to-month,fiber,2,1,0
430,64,37.18,two-year,fiber,1,0,1
431,49,27.55,one-year,dsl,0,1,1
432,36,105.9,one-year,fiber,0,1,1
433,24,34.11,month-to-month,fiber,1,1,1
434,23,117.35,one-year,fiber,0,1,0
435,62,47.06,two-year,fiber,2,0,0
436,37,30.03,one-year,fiber,1,1,0
437,12,96.87,month-to-month,fiber,2,1,0
438,55,82.46,one-year,dsl,1,0,1
439,13,64.8,month-to-month,fiber,0,0,0
440,23,71.09,month-to-month,fiber,1,0,0
441,30,89.11,month-to-month,fiber,6,1,1
442,17,35.13,one-year,dsl,2,1,0
443,62,119.6,one-year,dsl,2,0,0
444,13,117.23,month-to-month,fiber,1,0,1
445,59,81.54,month-to-month,fiber,3,1,0
446,19,31.95,month-to-month,none,1,1,1
447,49,84.83,month-to-month,fiber,3,0,1
448,12,17.94,month-to-month,fiber,0,0,0
449,61,13.37,month-to-month,fiber,3,1,0
450,19,38.35,one-year,fiber,3,0,0
451,9,60.89,month-to-month,fiber,3,0,0
452,71,105.51,month-to-month,fiber,3,1,1
453,28,89.99,month-to-month,dsl,1,1,1
454,52,91.7,two-year,fiber,3,0,0
455,16,56.8,one-year,fiber,1,0,0
456,69,48.05,one-year,dsl,1,0,1
457,12,50.81,month-to-month,dsl,1,0,0
458,25,118.64,month-to-month,dsl,1,1,0
459,52,14.41,month-to-month,dsl,0,1,0
460,53,105.37,one-year,dsl,2,1,1
461,23,73.65,two-year,fiber,1,1,1
462,16,58.25,one-year,none,2,1,0
463,57,89.78,two-year,fiber,0,0,0
464,39,63.53,one-year,dsl,3,1,1
465,53,106.08,month-to-month,dsl,3,1,1
466,42,109.08,two-year,fiber,0,1,0
467,58,56.39,month-to-month,dsl,4,0,1
468,39,40.45,month-to-month,fiber,2,1,1
469,14,75.16,month-to-month,fiber,3,1,1
470,5,110.36,month-to-month,fiber,2,1,1
471,35,33.17,month-to-month,dsl,1,0,0
472,18,78.53,month-to-month,fiber,3,1,1
473,9,79.47,month-to-month,dsl,3,1,0
474,58,90.64,month-to-month,none,1,1,1
475,17,24.47,month-to-month,fiber,2,1,1
476,7,88.74,month-to-month,dsl,3,0,1
477,46,109.99,month-to-month,dsl,2,0,0
478,13,29.77,month-to-month,dsl,1,0,0
479,40,36.13,one-year,fiber,1,1,1
480,42,116.85,one-year,dsl,1,0,0
481,9,29.91,one-year,fiber,2,1,0
482,50,103.98,one-year,dsl,3,1,0
483,27,64.15,month-to-month,fiber,2,0,1
484,66,37.2,one-year,fiber,2,1,0
485,5,105.78,month-to-month,fiber,2,1,1
486,29,58.98,month-to-month,fiber,4,1,1
487,37,66.63,one-year,dsl,3,1,0
488,38,49.52,month-to-month,dsl,2,1,0
489,8,75.22,one-year,fiber,2,0,1
490,65,27.99,one-year,dsl,3,1,1
491,17,53.02,two-year,fiber,2,0,0
492,71,116.64,two-year,dsl,2,1,0
493,45,38.39,month-to-month,dsl,2,0,1
494,4,82.24,month-to-month,dsl,1,1,0
495,36,45.77,month-to-month,fiber,2,1,1
496,70,95.08,month-to-month,dsl,1,1,1
497,31,24.4,one-year,fiber,2,0,0
498,19,116.68,one-year,dsl,2,1,1
499,61,59.92,one-year,fiber,4,1,1
500,54,35.97,month-to-month,dsl,0,1,0
501,39,18.08,month-to-month,fiber,2,0,0
502,19,28.67,month-to-month,fiber,0,1,1
503,39,67.18,month-to-month,dsl,0,1,0
504,67,47.07,two-year,none,1,0,0
505,45,101.18,month-to-month,none,2,1,1
506,13,57.4,month-to-month,fiber,0,1,0
507,58,37.36,month-to-month,fiber,1,1,0
508,20,77.89,one-year,dsl,3,0,1
509,61,87.75,one-year,fiber,2,1,0
510,39,28.37,month-to-month,dsl,4,1,0
511,1,28.44,month-to-month,dsl,2,1,1
512,3,14.03,month-to-month,none,1,1,0
513,62,91.0,month-to-month,dsl,1,1,1
514,63,83.02,one-year,fiber,1,1,1
515,25,62.21,one-year,fiber,1,0,1
516,56,102.86,month-to-month,fiber,1,1,1
517,33,98.62,month-to-month,none,0,1,0
518,38,74.39,two-year,dsl,2,0,1
519,6,105.51,month-to-month,dsl,1,0,1
520,58,32.64,one-year,fiber,3,1,0
521,44,22.31,month-to-month,dsl,2,1,0
522,45,39.67,month-to-month,dsl,2,0,0
523,32,16.28,month-to-month,dsl,0,1,0
524,45,68.43,month-to-month,fiber,2,0,0
525,61,113.03,two-year,fiber,1,1,1
526,47,14.33,month-to-month,dsl,3,1,1
527,21,23.43,month-to-month,fiber,2,1,0
528,36,59.74,month-to-month,dsl,2,0,1
529,19,112.73,month-to-month,dsl,2,1,1
530,20,44.78,month-to-month,fiber,4,0,1
531,57,65.8,month-to-month,fiber,2,1,1
532,18,14.57,one-year,fiber,1,1,1
533,47,26.32,month-to-month,dsl,2,1,0
534,49,118.53,month-to-month,fiber,2,0,1
535,14,116.16,two-year,fiber,2,1,1
536,15,10.54,month-to-month,fiber,1,1,1
537,31,114.7,two-year,fiber,0,0,0
538,1,80.3,month-to-month,fiber,2,1,1
539,54,105.47,two-year,fiber,3,1,1
540,3,60.02,one-year,fiber,4,1,0
541,16,66.72,one-year,none,0,1,0
542,57,63.77,two-year,fiber,2,1,1
543,12,83.36,month-to-month,fiber,3,0,1
544,16,25.36,two-year,fiber,3,1,0
545,24,13.3,month-to-month,dsl,2,1,1
546,28,43.87,month-to-month,dsl,2,0,0
547,8,87.51,month-to-month,fiber,0,1,1
548,36,32.2,month-to-month,none,1,1,0
549,8,84.08,month-to-month,none,1,1,1
550,58,116.69,month-to-month,dsl,1,0,1
551,60,20.33,month-to-month,fiber,2,0,0
552,50,83.99,one-year,dsl,3,1,0
553,28,58.81,one-year,none,3,0,1
554,41,105.5,month-to-month,none,1,1,0
555,64,29.49,month-to-month,fiber,2,0,1
556,27,86.19,month-to-month,fiber,1,0,1
557,63,102.19,month-to-month,fiber,2,1,1
558,17,113.91,month-to-month,fiber,0,0,1
559,33,85.16,month-to-month,dsl,1,1,1
560,29,64.69,month-to-month,fiber,1,1,1
561,13,77.96,two-year,fiber,2,0,0
562,46,105.58,month-to-month,fiber,1,0,1
563,35,72.77,month-to-month,dsl,1,1,0
564,6,13.34,month-to-month,none,1,0,0
565,69,112.4,month-to-month,dsl,1,1,1
566,47,85.85,month-to-month,fiber,4,1,1
567,25,84.42,one-year,fiber,1,1,1
568,66,33.72,month-to-month,fiber,4,1,1
569,10,82.48,month-to-month,fiber,2,1,0
570,56,53.33,two-year,dsl,1,1,0
571,30,81.64,two-year,dsl,1,0,1
572,5,21.73,one-year,fiber,2,0,1
573,33,82.36,month-to-month,fiber,2,0,0
574,65,119.94,one-year,dsl,3,1,1
575,18,15.3,month-to-month,fiber,3,1,0
576,49,117.49,month-to-month,fiber,2,1,1
577,11,54.76,month-to-month,fiber,1,0,1
578,26,105.78,month-to-month,fiber,4,1,1
579,63,96.06,month-to-month,dsl,0,1,0
580,59,72.37,month-to-month,dsl,1,0,1
581,27,91.23,two-year,fiber,1,1,1
582,49,106.64,two-year,fiber,1,0,0
583,33,54.46,one-year,fiber,1,1,0
584,1,45.97,month-to-month,fiber,0,0,1
585,21,83.44,two-year,fiber,3,1,1
586,55,98.86,month-to-month,none,3,1,0
587,6,93.85,one-year,fiber,4,1,0
588,69,97.76,month-to-month,fiber,1,1,0
589,5,57.91,one-year,fiber,1,1,1
590,3,99.96,month-to-month,dsl,1,1,0
591,53,23.22,two-year,fiber,1,1,0
592,23,69.89,two-year,dsl,2,0,1
593,53,10.63,month-to-month,none,0,1,0
594,37,45.7,month-to-month,fiber,0,0,1
595,17,50.31,two-year,fiber,3,0,0
596,1,53.58,month-to-month,dsl,4,1,1
597,51,86.5,two-year,dsl,0,1,0
598,45,52.74,month-to-month,dsl,0,0,0
599,4,59.36,month-to-month,fiber,1,1,0
600,62,36.13,month-to-month,dsl,1,1,0
601,65,51.06,month-to-month,fiber,4,1,0
602,32,35.0,one-year,fiber,2,0,1
603,34,18.05,month-to-month,fiber,2,1,0
604,39,76.38,month-to-month,fiber,2,0,1
605,26,83.5,month-to-month,dsl,5,1,0
606,34,78.14,month-to-month,fiber,3,0,1
607,54,60.98,two-year,fiber,4,0,0
608,3,51.78,two-year,dsl,3,1,0
609,50,104.97,month-to-month,fiber,0,1,0
610,12,67.1,one-year,dsl,3,0,1
611,65,62.71,one-year,fiber,1,0,1
612,54,12.82,month-to-month,none,0,1,0
613,5,47.54,two-year,dsl,3,0,1
614,57,51.82,month-to-month,fiber,3,1,0
615,17,53.87,month-to-month,fiber,1,0,1
616,47,73.82,two-year,none,1,0,0
617,23,68.7,month-to-month,fiber,4,0,1
618,14,76.87,one-year,fiber,0,1,0
619,66,94.14,two-year,dsl,2,0,0
620,51,99.43,month-to-month,dsl,3,0,1
621,38,88.99,two-year,dsl,1,1,1
622,64,115.11,month-to-month,none,0,1,1
623,38,12.01,month-to-month,fiber,3,0,0
624,50,31.54,one-year,fiber,2,1,0
625,30,10.83,two-year,none,1,1,0
626,51,81.22,month-to-month,dsl,2,0,1
627,63,108.78,month-to-month,dsl,1,0,1
628,52,36.78,one-year,dsl,0,1,0
629,38,111.97,one-year,dsl,2,1,1
630,30,16.63,one-year,dsl,0,1,0
631,51,112.79,month-to-month,fiber,2,0,0
632,5,48.68,month-to-month,dsl,2,0,0
633,29,21.16,month-to-month,dsl,0,1,0
634,4,63.45,one-year,dsl,4,0,0
635,10,38.25,month-to-month,dsl,1,1,0
636,56,41.34,month-to-month,none,0,1,0
637,17,43.8,two-year,fiber,0,0,1
638,17,98.33,month-to-month,none,4,1,1
639,69,69.31,two-year,fiber,0,1,0
640,34,44.24,one-year,dsl,4,1,0
641,6,77.14,one-year,fiber,1,0,0
642,53,88.78,month-to-month,dsl,3,0,1
643,66,39.99,month-to-month,dsl,2,1,1
644,43,55.49,one-year,dsl,1,0,0
645,23,23.41,one-year,dsl,1,1,0
646,55,29.93,one-year,dsl,1,0,0
647,16,84.92,month-to-month,dsl,2,1,0
648,8,29.96,one-year,fiber,3,0,1
649,4,67.77,one-year,dsl,1,1,0
650,4,88.0,one-year,dsl,0,0,0
651,56,21.76,one-year,fiber,3,1,1
652,25,72.4,one-year,dsl,3,0,0
653,67,38.22,one-year,dsl,1,1,1
654,67,115.92,month-to-month,fiber,1,0,1
655,27,63.19,month-to-month,dsl,3,1,1
656,32,98.66,month-to-month,dsl,2,1,1
657,50,70.52,month-to-month,fiber,4,0,1
658,61,14.78,month-to-month,dsl,1,1,0
659,51,79.65,month-to-month,fiber,0,0,1
660,19,114.65,month-to-month,fiber,0,1,1
661,21,76.18,month-to-month,dsl,0,1,1
662,5,100.11,one-year,fiber,2,0,1
663,42,107.26,two-year,fiber,0,0,0
664,61,35.09,month-to-month,dsl,1,0,0
665,22,33.32,two-year,fiber,0,1,0
666,21,77.21,month-to-month,dsl,1,0,0
667,70,55.21,month-to-month,fiber,3,1,0
668,1,102.38,month-to-month,dsl,3,1,0
669,5,109.0,month-to-month,fiber,0,1,1
670,12,48.88,one-year,dsl,5,0,1
671,46,36.06,one-year,fiber,5,1,0
672,34,95.86,month-to-month,dsl,1,1,1
673,49,40.23,month-to-month,fiber,4,1,1
674,45,100.49,month-to-month,fiber,1,0,1
675,27,56.61,month-to-month,fiber,3,0,0
676,26,83.43,month-to-month,fiber,2,0,1
677,47,20.51,month-to-month,fiber,0,1,0
678,56,78.62,one-year,fiber,2,0,0
679,63,59.69,two-year,fiber,2,1,0
680,48,74.53,month-to-month,dsl,0,0,0
681,61,28.48,two-year,fiber,2,1,0
682,26,91.06,month-to-month,fiber,2,1,0
683,36,104.91,month-to-month,none,2,1,1
684,1,33.84,month-to-month,fiber,0,0,0
685,8,20.53,one-year,dsl,4,0,0
686,52,12.6,two-year,dsl,3,0,0
687,47,80.62,one-year,fiber,2,0,1
688,56,76.78,month-to-month,fiber,2,1,1
689,14,70.14,one-year,fiber,1,1,0
690,28,35.51,month-to-month,fiber,2,1,0
691,2,53.0,two-year,fiber,0,0,0
692,26,75.39,month-to-month,dsl,3,1,1
693,14,64.64,month-to-month,fiber,1,1,1
694,59,118.66,month-to-month,fiber,2,1,0
695,56,25.01,one-year,dsl,0,0,0
696,7,86.47,month-to-month,fiber,0,1,0
697,3,54.48,one-year,fiber,4,1,1
698,23,57.1,month-to-month,dsl,2,1,1
699,18,88.94,one-year,dsl,2,1,0
700,38,86.17,one-year,none,3,0,0
701,15,119.04,one-year,dsl,4,0,1
702,64,24.12,month-to-month,fiber,2,1,0
703,28,21.45,month-to-month,fiber,1,1,0
704,39,89.68,month-to-month,fiber,0,0,1
705,57,73.62,one-year,fiber,0,1,1
706,17,40.16,month-to-month,dsl,2,1,1
707,44,18.74,month-to-month,fiber,2,1,0
708,25,19.42,month-to-month,dsl,0,0,1
709,17,108.36,month-to-month,fiber,5,1,1
710,13,31.11,one-year,dsl,0,1,0
711,25,45.57,month-to-month,fiber,0,1,1
712,68,34.93,one-year,dsl,2,1,1
713,10,49.05,month-to-month,dsl,0,1,0
714,67,17.64,month-to-month,dsl,2,1,0
715,18,67.1,month-to-month,dsl,2,0,0
716,34,17.44,month-to-month,fiber,1,1,0
717,8,98.04,month-to-month,dsl,1,1,0
718,40,35.71,one-year,none,2,0,0
719,42,69.4,month-to-month,none,3,1,1
720,41,106.81,one-year,fiber,1,1,1
721,6,81.6,month-to-month,dsl,3,1,1
722,52,68.63,month-to-month,dsl,4,0,1
723,26,45.68,one-year,fiber,2,1,0
724,64,46.63,month-to-month,dsl,1,0,0
725,59,83.64,month-to-month,dsl,3,0,1
726,56,119.36,month-to-month,fiber,2,1,1
727,59,82.8,month-to-month,fiber,1,1,1
728,70,71.36,one-year,fiber,3,1,0
729,33,90.37,month-to-month,dsl,0,0,1
730,53,61.17,one-year,fiber,3,1,0
731,22,16.62,two-year,dsl,1,0,1
732,21,71.85,month-to-month,dsl,3,1,0
733,70,115.34,two-year,fiber,0,1,0
734,70,29.28,month-to-month,dsl,2,1,1
735,4,85.9,two-year,dsl,2,0,1
736,62,32.1,month-to-month,dsl,3,0,0
737,62,68.94,one-year,fiber,1,1,1
738,24,20.63,month-to-month,fiber,4,0,0
739,55,59.54,month-to-month,fiber,1,1,1
740,9,93.18,one-year,fiber,1,1,0
741,3,48.23,one-year,dsl,0,0,1
742,31,83.14,month-to-month,fiber,3,1,0
743,40,97.5,month-to-month,dsl,0,1,0
744,36,111.99,one-year,dsl,2,0,0
745,24,35.81,one-year,fiber,0,0,0
746,6,53.92,two-year,none,2,0,0
747,66,26.77,one-year,dsl,2,1,0
748,4,119.17,two-year,dsl,4,1,0
749,6,111.97,one-year,dsl,4,0,0
750,51,69.4,month-to-month,dsl,3,0,1
751,62,102.62,month-to-month,none,4,1,0
752,57,67.31,one-year,fiber,0,1,0
753,66,78.59,one-year,fiber,3,1,0
754,8,19.8,month-to-month,fiber,1,0,0
755,26,93.08,month-to-month,dsl,0,0,1
756,51,24.05,two-year,fiber,0,1,1
757,45,100.87,month-to-month,fiber,4,1,1
758,44,96.02,month-to-month,fiber,2,0,1
759,5,87.96,month-to-month,none,0,1,1
760,70,13.98,month-to-month,fiber,3,1,0
761,26,43.34,month-to-month,dsl,0,1,0
762,68,38.94,month-to-month,fiber,1,0,1
763,19,49.62,month-to-month,dsl,2,1,1
764,20,19.64,one-year,dsl,2,1,1
765,12,113.07,month-to-month,dsl,1,1,1
766,47,70.92,one-year,dsl,4,0,0
767,1,43.61,two-year,fiber,1,0,0
768,14,53.67,month-to-month,fiber,2,0,0
769,64,59.19,one-year,none,3,1,1
770,38,76.07,month-to-month,fiber,0,0,0
771,37,66.72,two-year,fiber,2,1,1
772,11,111.13,month-to-month,dsl,1,0,1
773,3,64.67,one-year,dsl,3,1,1
774,33,119.14,one-year,fiber,1,1,1
775,6,103.66,month-to-month,fiber,2,0,1
776,50,32.94,month-to-month,fiber,2,0,1
777,10,112.37,one-year,dsl,1,0,0
778,5,22.8,one-year,dsl,2,1,0
779,23,99.92,month-to-month,fiber,5,1,1
780,10,51.87,one-year,dsl,2,0,1
781,44,106.58,month-to-month,dsl,3,1,1
782,2,105.49,one-year,fiber,1,0,1
783,13,98.65,month-to-month,dsl,2,0,0
784,40,96.9,two-year,fiber,2,0,0
785,2,43.51,month-to-month,dsl,0,1,1
786,65,18.9,month-to-month,dsl,2,0,0
787,63,54.33,month-to-month,dsl,1,0,1
788,17,29.09,month-to-month,fiber,1,0,0
789,9,86.44,month-to-month,dsl,2,0,1
790,15,48.07,month-to-month,fiber,1,1,1
791,24,117.32,one-year,dsl,2,0,1
792,38,80.51,month-to-month,fiber,1,0,0
793,35,100.47,month-to-month,dsl,1,1,1
794,49,24.58,month-to-month,fiber,1,0,1
795,69,104.82,month-to-month,fiber,2,1,0
796,62,111.5,month-to-month,none,1,1,1
797,60,63.58,month-to-month,dsl,1,0,0
798,50,76.69,month-to-month,dsl,2,1,1
799,9,94.13,month-to-month,dsl,2,0,0
800,34,29.23,month-to-month,fiber,1,1,0
801,35,65.28,month-to-month,fiber,1,1,1
802,1,53.85,month-to-month,fiber,0,0,0
803,40,26.1,month-to-month,dsl,3,1,0
804,64,50.43,two-year,dsl,2,1,0
805,22,17.5,month-to-month,dsl,3,1,1
806,60,12.84,one-year,none,1,1,0
807,64,24.87,month-to-month,fiber,0,1,0
808,11,115.94,one-year,none,0,0,0
809,14,70.45,one-year,dsl,4,0,1
810,60,116.24,month-to-month,fiber,0,1,0
811,30,57.57,two-year,fiber,1,0,0
812,35,44.3,month-to-month,dsl,2,1,1
813,37,65.68,month-to-month,fiber,0,0,0
814,5,58.35,one-year,none,0,0,0
815,26,21.62,one-year,fiber,4,0,1
816,62,80.49,month-to-month,fiber,1,1,1
817,4,33.76,month-to-month,dsl,2,1,0
818,42,78.15,month-to-month,dsl,2,1,1
819,18,81.52,month-to-month,none,3,0,1
820,40,26.72,one-year,dsl,0,1,0
821,39,16.75,month-to-month,fiber,1,0,1
822,14,95.88,month-to-month,fiber,2,1,1
823,32,60.58,month-to-month,fiber,1,1,1
824,51,16.4,month-to-month,none,1,0,0
825,38,119.44,month-to-month,dsl,1,1,0
826,23,16.36,one-year,dsl,3,1,1
827,63,86.45,two-year,dsl,0,0,0
828,15,118.2,one-year,fiber,0,1,0
829,25,36.31,month-to-month,dsl,1,1,0
830,17,25.65,two-year,dsl,3,0,1
831,66,23.35,one-year,fiber,1,0,1
832,53,43.36,one-year,none,2,1,0
833,51,21.12,month-to-month,dsl,0,1,0
834,39,86.14,month-to-month,dsl,1,1,0
835,51,16.85,month-to-month,none,3,1,0
836,70,66.04,month-to-month,dsl,0,1,1
837,6,119.64,month-to-month,dsl,5,1,1
838,67,99.54,month-to-month,dsl,2,1,1
839,7,77.67,month-to-month,fiber,0,1,1
840,51,43.69,one-year,dsl,4,0,0
841,42,78.63,month-to-month,none,2,0,1
842,64,67.97,month-to-month,fiber,1,0,1
843,15,56.87,two-year,fiber,1,1,0
844,29,24.38,two-year,dsl,1,1,1
845,33,107.53,one-year,fiber,2,0,0
846,27,59.48,two-year,fiber,1,0,0
847,36,31.41,month-to-month,fiber,0,1,0
848,29,50.45,two-year,fiber,2,0,1
849,38,55.55,month-to-month,fiber,1,1,1
850,57,101.03,month-to-month,none,1,1,1
851,27,90.7,month-to-month,fiber,4,1,1
852,55,94.62,month-to-month,fiber,1,0,1
853,33,11.21,month-to-month,dsl,3,0,0
854,68,55.78,one-year,dsl,3,1,1
855,66,62.95,one-year,dsl,4,1,0
856,10,12.11,month-to-month,fiber,2,1,1
857,5,38.58,month-to-month,fiber,1,0,0
858,38,93.63,one-year,fiber,1,1,0
859,13,25.08,one-year,fiber,2,1,1
860,31,68.88,month-to-month,fiber,2,1,1
861,47,33.67,one-year,none,0,1,0
862,52,11.33,month-to-month,dsl,1,0,0
863,56,36.53,month-to-month,fiber,4,0,0
864,15,117.35,two-year,dsl,2,1,1
865,29,98.17,month-to-month,dsl,1,1,1
866,8,115.55,month-to-month,dsl,3,0,0
867,5,63.66,two-year,dsl,2,0,0
868,29,22.07,one-year,fiber,4,1,0
869,47,70.28,month-to-month,fiber,4,0,0
870,68,59.98,month-to-month,dsl,0,0,0
871,45,102.88,month-to-month,fiber,2,1,1
872,2,20.79,one-year,fiber,3,1,1
873,27,63.71,month-to-month,dsl,3,1,1
874,36,26.51,month-to-month,fiber,2,0,0
875,36,45.71,two-year,dsl,2,1,1
876,26,91.11,month-to-month,fiber,2,1,1
877,43,62.36,month-to-month,fiber,2,1,0
878,27,51.35,month-to-month,dsl,3,1,0
879,69,53.39,one-year,dsl,1,0,0
880,20,60.54,month-to-month,fiber,3,0,0
881,11,96.35,month-to-month,none,0,0,1
882,38,108.13,one-year,dsl,2,0,1
883,6,115.09,month-to-month,fiber,1,1,0
884,23,96.56,month-to-month,fiber,0,1,1
885,47,44.69,month-to-month,none,3,1,1
886,46,85.69,month-to-month,fiber,1,1,1
887,12,58.14,month-to-month,fiber,1,0,0
888,13,38.01,month-to-month,fiber,1,1,0
889,62,102.5,month-to-month,fiber,3,0,0
890,60,14.23,month-to-month,dsl,0,0,0
891,43,109.19,one-year,dsl,2,0,0
892,68,60.76,two-year,dsl,1,1,0
893,5,80.09,one-year,fiber,1,1,0
894,37,82.53,two-year,fiber,4,0,1
895,31,108.46,month-to-month,dsl,2,0,1
896,9,80.03,two-year,fiber,1,1,0
897,51,77.53,month-to-month,fiber,2,0,1
898,29,17.33,two-year,dsl,1,1,0
899,40,67.02,two-year,none,3,1,1
900,41,26.52,one-year,dsl,3,1,0
901,11,91.12,two-year,dsl,6,1,1
902,23,66.34,month-to-month,fiber,1,1,0
903,1,84.83,month-to-month,fiber,3,1,1
904,46,14.58,month-to-month,dsl,1,1,0
905,21,19.33,month-to-month,fiber,4,1,0
906,36,88.8,month-to-month,fiber,1,0,1
907,54,17.93,one-year,dsl,4,1,0
908,57,17.84,two-year,dsl,1,1,0
909,1,11.33,month-to-month,fiber,2,1,0
910,63,115.22,one-year,dsl,2,1,1
911,54,91.13,two-year,none,2,1,0
912,55,48.86,two-year,fiber,1,0,0
913,40,42.62,two-year,none,3,1,0
914,15,48.47,month-to-month,dsl,2,1,0
915,21,95.21,two-year,none,1,1,0
916,47,82.75,one-year,fiber,0,1,0
917,53,30.37,month-to-month,dsl,3,0,0
918,9,29.15,month-to-month,dsl,5,1,1
919,52,20.82,one-year,dsl,1,0,0
920,57,82.63,month-to-month,fiber,0,0,1
921,26,94.08,one-year,fiber,1,1,1
922,41,39.16,one-year,dsl,0,0,0
923,35,12.3,month-to-month,fiber,1,1,1
924,63,19.04,month-to-month,dsl,3,0,0
925,25,116.46,one-year,fiber,0,0,1
926,38,42.5,month-to-month,dsl,4,1,0
927,2,94.61,month-to-month,fiber,2,1,1
928,7,78.71,month-to-month,fiber,1,1,1
929,34,52.01,month-to-month,fiber,1,1,1
930,17,32.63,two-year,dsl,3,1,1
931,43,23.35,month-to-month,dsl,0,0,0
932,59,77.65,one-year,fiber,1,0,0
933,51,95.21,month-to-month,dsl,7,0,1
934,54,80.83,month-to-month,dsl,1,1,1
935,24,68.33,one-year,dsl,1,1,0
936,25,14.61,one-year,fiber,3,1,0
937,71,116.53,month-to-month,fiber,1,1,0
938,52,97.86,month-to-month,fiber,2,1,1
939,70,42.21,month-to-month,dsl,2,0,0
940,33,117.8,month-to-month,dsl,1,0,0
941,49,76.21,one-year,fiber,1,1,1
942,29,74.07,month-to-month,fiber,1,1,1
943,63,92.29,month-to-month,dsl,2,1,0
944,22,99.29,month-to-month,fiber,0,0,0
945,26,82.21,two-year,dsl,1,1,0
946,28,24.09,two-year,none,0,0,0
947,49,47.21,month-to-month,dsl,5,0,1
948,71,112.09,one-year,none,4,1,1
949,49,34.71,month-to-month,fiber,3,0,0
950,20,50.94,month-to-month,fiber,1,1,1
951,63,57.53,one-year,dsl,1,0,0
952,61,58.33,two-year,fiber,0,1,0
953,49,77.42,two-year,fiber,1,1,1
954,71,113.74,month-to-month,dsl,3,0,1
955,1,36.48,month-to-month,fiber,2,1,1
956,13,23.37,one-year,none,0,0,0
957,51,31.72,month-to-month,fiber,2,1,1
958,56,107.56,month-to-month,fiber,2,0,1
959,62,81.04,month-to-month,dsl,3,0,0
960,32,41.45,one-year,fiber,0,0,0
961,30,99.75,month-to-month,dsl,2,0,0
962,29,104.75,month-to-month,fiber,1,1,0
963,49,103.12,two-year,none,2,0,1
964,45,111.08,month-to-month,fiber,3,0,1
965,30,37.75,month-to-month,dsl,3,1,0
966,16,93.05,month-to-month,dsl,1,0,0
967,40,60.66,month-to-month,fiber,0,1,1
968,19,102.62,month-to-month,fiber,2,1,1
969,18,90.13,month-to-month,fiber,1,1,1
970,1,95.41,two-year,fiber,1,1,0
971,47,82.18,month-to-month,fiber,0,1,1
972,66,29.52,two-year,dsl,1,0,0
973,38,69.95,month-to-month,dsl,3,1,0
974,51,118.31,month-to-month,dsl,4,1,1
975,63,113.11,month-to-month,dsl,2,1,1
976,4,14.75,month-to-month,fiber,0,1,1
977,1,28.13,one-year,fiber,1,1,0
978,8,24.49,month-to-month,fiber,1,1,1
979,29,89.86,month-to-month,dsl,3,1,0
980,55,99.96,two-year,dsl,0,1,0
981,3,33.49,two-year,dsl,2,1,1
982,32,65.64,two-year,dsl,2,0,1
983,10,102.48,month-to-month,fiber,2,1,1
984,34,90.61,one-year,dsl,0,1,1
985,55,69.65,month-to-month,fiber,2,0,0
986,32,74.94,month-to-month,dsl,2,0,0
987,50,65.92,month-to-month,fiber,0,1,0
988,7,42.73,month-to-month,fiber,0,0,0
989,8,72.15,month-to-month,dsl,1,0,0
990,65,85.78,month-to-month,fiber,2,1,0
991,57,106.07,two-year,fiber,0,0,1
992,67,79.99,month-to-month,none,2,1,1
993,59,93.72,month-to-month,dsl,1,0,1
994,54,27.61,month-to-month,fiber,4,0,0
995,67,60.77,two-year,none,0,1,0
996,51,11.03,month-to-month,none,3,1,0
997,8,37.13,month-to-month,fiber,2,0,1
998,34,89.91,one-year,fiber,3,0,0
999,35,119.1,one-year,fiber,2,1,1
1000,32,20.91,month-to-month,fiber,4,0,1
